datasetKey,title,loaded,date_only,midnight_first_with_clock,day_1,day_2,day_3,day_4,day_5,day_6,day_7,day_8,day_9,day_10,day_11,day_12,day_13,day_14,day_15,day_16,day_17,day_18,day_19,day_20,day_21,day_22,day_23,day_24,day_25,day_26,day_27,day_28,day_29,day_30,day_31
50c9509d-22c7-4a22-a47d-8c48425ef4a7,iNaturalist Research-grade Observations,2169132,46032,30,1577,1458,1418,1400,1492,1475,1364,1474,1526,1456,1515,1537,1504,1571,1432,1658,1551,1540,1571,1571,1670,1555,1598,1525,1513,1448,1539,1386,1479,1349,880
d714382d-5890-4234-ae81-696eeb53658a,Mushroom Observer,162546,162546,0,5063,4886,4645,4753,4595,4818,5090,5282,5202,4936,5459,5878,5525,5653,5563,5332,5482,5889,6149,6613,5219,5337,5011,4891,5306,5322,5592,5003,5599,5263,3190
fca5e616-990e-4d62-adc3-3122ed64b8e8,"Fungi of parks, forests and reserves of New Jersey (2007-2019)",147414,147414,0,3732,1866,3732,3732,3732,7464,1866,11196,1866,1866,1866,3732,7464,9330,5598,5598,3732,7464,1866,11196,5598,5598,1866,3732,5598,5598,1866,11196,1866,5598,0
2b169d34-2946-40e4-8af1-13adce9c745b,"Fungi of parks, forests and reserves of New Jersey, 2018",1603,1603,0,0,0,0,0,132,138,0,56,40,0,44,93,0,114,0,132,0,0,131,99,119,189,0,0,0,168,0,114,0,34,0
e3ce628e-9683-4af7-b7a9-47eef785d3bb,Earth Guardians Weekly Feed,1141,0,0,0,0,0,0,0,0,0,0,0,0,0,0,0,0,0,0,0,0,0,0,0,0,0,0,0,0,0,0,0,0,0
d1d59f9f-e130-4715-bc9b-8a25e7b62e89,Survey of saproxylic fungi across parks of New Jersey,738,738,0,43,0,0,0,99,0,0,99,0,11,0,0,0,81,57,28,52,0,58,0,0,44,0,0,0,49,0,0,59,58,0
9ec7b624-8f5c-4898-a90d-194913d7e0ab,Marc Kummel Photography,467,0,0,0,0,0,0,0,0,0,0,0,0,0,0,0,0,0,0,0,0,0,0,0,0,0,0,0,0,0,0,0,0,0
58ffefab-20aa-4cec-b0c0-dd7330ed7280,MARINe/PISCO: Intertidal: MARINe Coastal Biodiversity Surveys: Point Contact Surveys Summarized,318,318,0,6,10,14,8,10,12,14,14,12,14,16,14,18,6,10,4,16,12,12,6,8,6,4,10,12,16,10,12,4,2,6
39bd4817-9530-4341-a918-4f16b8db1419,Mycoblitz 2017 - IRBV et Cercle des Mycologues de Montréal,132,132,0,0,0,0,0,0,0,0,0,132,0,0,0,0,0,0,0,0,0,0,0,0,0,0,0,0,0,0,0,0,0,0
84d26682-f762-11e1-a439-00145eb45e9a,"Danish Mycological Society, fungal records database",102,102,0,3,0,2,5,7,2,10,4,11,4,6,1,2,8,0,0,2,4,3,0,1,4,1,9,0,0,0,0,0,5,8
062f3445-944a-4fd4-915a-ed1a1109cf04,Mohonk Preserve Forest Health Monitoring Data,78,78,0,2,4,2,2,0,4,2,2,6,6,4,0,2,2,2,2,2,6,2,2,2,4,4,2,2,2,6,0,2,0,0
2c12acd9-1600-487d-a809-2c2743381112,Ontario BioBlitz Species Records,60,60,0,0,0,0,0,0,0,0,0,0,0,0,0,10,50,0,0,0,0,0,0,0,0,0,0,0,0,0,0,0,0,0
02fbd55d-d574-460b-bccc-d9a2eab564f0,"Kenai National Wildlife Refuge, Alaska (KNWR) Plant observations (Arctos)",45,45,0,3,0,6,0,0,0,0,0,11,2,0,0,0,0,0,0,0,0,3,5,4,5,0,0,0,0,0,0,6,0,0
8a863029-f435-446a-821e-275f4f641165,"Observation.org, Nature data from around the World",33,33,0,1,2,0,1,2,2,0,0,1,0,1,0,3,2,0,1,0,0,2,1,2,4,4,0,1,0,1,0,1,1,0
32a242ff-db39-4513-971b-a042b6380828,Baie de Mille-Vaches marsh - Characterization of important coastal habitats on the north shore of the St.Lawrence maritime Estuary | Le marais de la baie de Mille-Vaches - Caractérisation des habitats littoraux d’importance de la rive nord de l’estuaire maritime du Saint-Laurent,23,0,0,0,0,0,0,0,0,0,0,0,0,0,0,0,0,0,0,0,0,0,0,0,0,0,0,0,0,0,0,0,0,0
4238d2a9-efce-4f77-81c1-94b1a74fc2d9,The Pointe des Fortin Marsh - Characterization of Important Coastal Habitats on the North Shore of the St. Lawrence Estuary | Le marais de la pointe des Fortin - Caractérisation des habitats littoraux d’importance de la rive nord de l’estuaire maritime du Saint-Laurent,20,0,0,0,0,0,0,0,0,0,0,0,0,0,0,0,0,0,0,0,0,0,0,0,0,0,0,0,0,0,0,0,0,0
0e1a8d83-1f7a-4b9d-ade7-a665f836eb10,The Portneuf-sur-Mer Salt Marsh - Characterization of Important Coastal Habitats on the North Shore of the St. Lawrence Estuary | Le marais salé de Portneuf-sur-Mer - Caractérisation des habitats littoraux d’importance de la rive nord de l’estuaire maritime du Saint-Laurent,20,0,0,0,0,0,0,0,0,0,0,0,0,0,0,0,0,0,0,0,0,0,0,0,0,0,0,0,0,0,0,0,0,0
98897462-f677-4878-8a6a-8a5a812b3884,Kenai National Wildlife Refuge: Dall sheep response to fire: vegetation surveys,19,19,0,0,0,0,0,0,2,0,0,0,2,0,0,10,0,0,0,0,0,0,3,0,0,0,0,0,2,0,0,0,0,0
6ac3f774-d9fb-4796-b3e9-92bf6c81c084,NABU|naturgucker,18,0,0,0,0,0,0,0,0,0,0,0,0,0,0,0,0,0,0,0,0,0,0,0,0,0,0,0,0,0,0,0,0,0
2bf7b2c0-34dc-4458-8ee4-4f99fac03b33,Biodiversity4all Research-Grade Observations,15,15,0,0,0,0,0,0,0,0,0,0,1,0,0,0,1,1,0,0,0,2,0,0,0,2,3,2,2,0,1,0,0,0
f1ee5d89-af61-423f-8029-2a5d490fb890,University of North Carolina at Chapel Hill Herbarium: Lichens,15,15,0,0,0,0,2,0,0,0,0,0,0,0,0,0,0,0,0,0,0,2,7,4,0,0,0,0,0,0,0,0,0,0
27b3d6a5-04ca-4ba1-91aa-c33a82931103,Monitoring of Invasive Plant Species in the Wetlands of the St. Lawrence River | Suivi des espèces végétales envahissantes dans les milieux humides du fleuve Saint-Laurent,4,0,0,0,0,0,0,0,0,0,0,0,0,0,0,0,0,0,0,0,0,0,0,0,0,0,0,0,0,0,0,0,0,0
98bceab6-3c3e-4163-945d-6ca10576ebf1,Arizona State University Lichen Herbarium,3,3,0,0,0,0,1,0,0,0,0,0,0,0,0,0,0,0,1,0,0,0,0,0,0,0,0,0,0,0,0,1,0,0
b0515413-6d32-490a-83a0-f8c08f002c70,CDA - California Department of Food and Agriculture,3,3,0,0,0,0,0,0,0,0,0,0,0,0,0,0,0,0,0,0,0,0,0,0,0,1,2,0,0,0,0,0,0,0
b6465deb-2071-445a-9ebd-d5722e1ed7e2,NatureShare,1,1,0,0,0,0,0,0,0,0,0,0,0,0,0,0,0,0,0,0,0,0,0,0,0,0,1,0,0,0,0,0,0,0
f1c4df18-12d6-40cb-ab51-5bb0d7f08d6e,Estonian Naturalists’ Society,1,1,0,1,0,0,0,0,0,0,0,0,0,0,0,0,0,0,0,0,0,0,0,0,0,0,0,0,0,0,0,0,0,0
